SiteID;GTFSID
1003;7469350
1004;7446083
1005;7446064
1006;7446118
1007;7401541
1010;7445465
1012;7445959
1013;7445958
1014;7446018
1015;7445994
1016;7437355
1019;7421667
1021;7446019
1022;7446019
1024;7410947
1025;7445460
1026;7445404
1028;7445457
1029;7446129
1030;7446026
1032;7421666
1033;7446128
1034;7446013
1035;7446014
1036;7446016
1037;7446015
1040;7446063
1042;7446059
1043;7446062
1044;7446061
1045;7446138
1046;7446140
1052;7446024
1053;7446025
1058;7446022
1059;7446023
1060;7446188
1061;7446076
1062;7446187
1064;7446058
1065;7446074
1066;7446020
1067;7446021
1070;7446037
1071;7446131
1072;7446134
1073;7446039
1074;7446038
1075;7446132
1076;7446041
1077;7446040
1078;7446187
1082;7446028
1083;7446027
1084;7468690
1085;7445997
1086;7446152
1087;7446117
1088;7445999
1089;7446000
1090;7446136
1091;7445957
1092;7445996
1093;7446091
1094;7446146
1095;7446045
1096;7468909
1097;7445995
1098;7446043
1100;7446034
1102;7445990
1103;7445989
1104;7445988
1105;7419408
1106;7445987
1107;7446065
1110;7445992
1111;7445969
1113;7446150
1114;7446032
1115;7421650
1116;7445966
1117;7445969
1118;7445962
1124;7445964
1126;7420741
1127;7445960
1128;7445961
1129;7445986
1130;7446219
1131;7446218
1132;7446217
1133;7446216
1134;7445978
1135;7446204
1136;7446215
1137;7446174
1138;7446172
1139;7445979
1140;7445975
1141;7445976
1142;7446012
1143;7446011
1144;7445977
1146;7445970
1147;7446252
1151;7446208
1152;7446042
1154;7401386
1159;7446206
1160;7446167
1161;7446164
1162;7446165
1163;7446163
1164;7446166
1165;7446171
1166;7446175
1167;7446173
1169;7445953
1170;7401174
1171;7445972
1172;7445971
1173;7445973
1175;7445974
1176;7446205
1177;7445510
1178;7421646
1180;7467499
1181;7445998
1182;7467498
1183;7467497
1184;7467495
1185;7467496
1186;7467494
1189;7446119
1200;7446080
1202;7446078
1203;7446079
1204;7446081
1205;7446082
1206;7446125
1207;7446121
1208;7446123
1210;7445956
1211;7446127
1212;7446126
1213;7445261
1214;7445954
1215;7446044
1216;7445955
1217;7445981
1218;7421662
1225;7446075
1229;7446077
1231;7446095
1233;7445948
1234;7445949
1235;7446056
1236;7445951
1250;7446115
1252;7446102
1253;7446097
1255;7445980
1256;7445983
1257;7445985
1258;7445984
1259;7446214
1260;7446104
1261;7446105
1262;7446106
1263;7446113
1264;7446103
1265;7446102
1270;7446154
1271;7446111
1272;7446107
1273;7446112
1274;7458558
1275;7446108
1276;7446109
1278;7446181
1280;7446180
1281;7446176
1282;7446178
1283;7446184
1284;7446185
1285;7446177
1299;7446212
1301;7446233
1302;7446053
1303;7446213
1304;7446052
1305;7446051
1306;7446142
1307;7446047
1308;7446087
1309;7446054
1310;7446201
1311;7446089
1312;7446088
1313;7446202
1314;7446122
1316;7446210
1318;7446161
1319;7446211
1320;7446047
1321;7446046
1323;7446199
1324;7446050
1326;7446200
1327;7446198
1328;7446190
1334;7446094
1335;7439043
1336;7446168
1337;7446169
1338;7446170
1339;7445463
1340;7446084
1342;7446002
1343;7446003
1345;7446085
1346;7446086
1350;7446092
1351;7446007
1352;7446090
1353;7446055
1354;7446006
1355;7446009
1356;7446189
1357;7446192
1360;7446010
1361;7446005
1362;7446008
1363;7446193
1365;7445462
1366;7446160
1367;7446158
1370;7446230
1373;7446156
1374;7469180
1375;7446157
1376;7446229
1377;7446221
1378;7446223
1382;7446228
1383;7446155
1385;7446222
1386;7446224
1387;7446225
1388;7446226
1389;7446151
1400;7418280
1403;7446066
1405;7418281
1406;7418282
1408;7446031
1409;7446067
1410;7445991
1411;7446239
1412;7446240
1413;7446241
1414;7446242
1415;7420556
1416;7446243
1417;7446244
1419;7418281
1420;7418279
1421;7446250
1422;7446249
1423;7446248
1425;7446247
1426;7446246
1427;7446245
1440;7446144
1441;7446147
1442;7446145
1443;7446148
1444;7446234
1446;7466310
1450;7446149
1451;7446235
1452;7446220
1453;7446236
1454;7466308
1455;7418250
1456;7446237
1457;7446238
1458;7466238
1461;7446141
1462;7446143
1463;7446231
1464;7446232
1500;7453057
1502;7453063
1503;7424918
1505;7451858
1508;7453026
1510;7446253
1512;7451556
1513;7451530
1514;7451531
1515;7451383
1516;7451372
1517;7451371
1518;7451368
1519;7446254
1521;7424919
1522;7465598
1523;7465597
1525;7424684
1527;7465596
1528;7465515
1530;7452450
1531;7453086
1532;7452304
1533;7452277
1534;7452276
1535;7452259
1536;7452258
1537;7452466
1538;7465599
1539;7452601
1540;7452602
1541;7451857
1550;7424926
1552;7424929
1555;7424928
1563;7465628
1564;7465630
1565;7465631
1567;7469188
1568;7465623
1570;7445489
1571;7451187
1572;7469368
1573;7469367
1574;7465625
1576;7465543
1577;7445487
1578;7465544
1581;7451121
1582;7451126
1583;7451140
1584;7451154
1585;7451162
1586;7451163
1587;7451184
1588;7465552
1589;7451256
1590;7451287
1591;7451327
1592;7451331
1593;7451856
1594;7416394
1595;7416408
1600;7465671
1601;7451253
1603;7424922
1604;7469191
1605;7424923
1607;7465669
1608;7465670
1609;7465668
1619;7465626
1622;7465666
1623;7452704
1624;7452807
1626;7452305
1630;7451109
1631;7465489
1632;7465482
1634;7465483
1635;7451247
1636;7465533
1637;7451248
1639;7470751
1640;7453715
1641;7453716
1642;7445492
1643;7453725
1644;7453726
1645;7453727
1646;7445504
1647;7453728
1648;7453729
1649;7456690
1652;7451249
1653;7451251
1654;7451252
1656;7469181
1657;7469182
1658;7453157
1659;7453247
1661;7465492
1662;7465613
1663;7465615
1664;7465611
1665;7465672
1666;7445514
1667;7465607
1669;7451102
1670;7465619
1671;7453268
1672;7453420
1673;7453702
1674;7451101
1675;7453710
1676;7453711
1677;7453712
1678;7453713
1679;7465616
1680;7465624
1682;7465622
1683;7465621
1684;7456856
1685;7469060
1686;7456863
1687;7456914
1688;7465620
1689;7445517
1690;7456918
1691;7456976
1692;7465520
1693;7465521
1694;7465524
1695;7465522
1696;7465523
1697;7465525
1698;7469224
1700;7465512
1705;7465514
1706;7465509
1707;7465510
1708;7465511
1709;7465604
1711;7465667
1712;7465660
1713;7465661
1714;7465662
1715;7465664
1716;7465663
1717;7465629
1718;7465665
1721;7465484
1722;7465627
1724;7465486
1725;7465487
1726;7465488
1727;7465485
1728;7465490
1729;7465508
1730;7465541
1731;7465540
1732;7465539
1733;7465538
1734;7465537
1735;7465536
1736;7465535
1737;7465534
1750;7462050
1751;7465498
1752;7462051
1753;7465497
1754;7465496
1755;7465495
1756;7465494
1757;7465493
1760;7465505
1761;7465504
1762;7465503
1763;7465516
1764;7465502
1765;7465501
1766;7465500
1767;7465499
1770;7445515
1772;7465480
1773;7465479
1774;7465478
1775;7465153
1776;7464391
1777;7464387
1778;7462055
1779;7465526
1780;7465506
1781;7465507
1782;7465608
1783;7465609
1784;7465610
1785;7451241
1786;7451242
1787;7451243
1788;7465481
1789;7465527
1791;7469242
1792;7465617
1793;7465618
1796;7445516
1797;7469184
1800;7401188
1803;7465564
1804;7465563
1805;7465562
1806;7465561
1807;7465560
1808;7465559
1809;7465558
1810;7465556
1812;7459057
1814;7465550
1815;7465551
1816;7469411
1817;7465549
1820;7469412
1821;7469413
1822;7469370
1823;7469369
1825;7469408
1826;7469409
1827;7469410
1832;7465555
1833;7465554
1835;7465548
1836;7465547
1837;7465546
1838;7465553
1850;7465542
1853;7451189
1854;7451213
1855;7451216
1856;7451220
1857;7465605
1860;7465513
1862;7465519
1863;7465518
1866;7465600
1867;7465601
1868;7465602
1869;7465603
1872;7445473
1873;7469566
1875;7459052
1876;7445475
1877;7451221
1878;7451223
1879;7451244
1880;7465575
1881;7465572
1882;7465573
1883;7465574
1884;7465576
1885;7465577
1886;7465578
1887;7465579
1888;7465580
1889;7465582
1890;7465581
1900;7465584
1901;7465585
1902;7465586
1903;7465587
1904;7469444
1905;7469064
1906;7465588
1907;7465589
1908;7453087
1909;7469520
1910;7465566
1911;7465567
1912;7465568
1913;7465590
1914;7465591
1915;7465569
1916;7465595
1917;7465583
1918;7465571
1919;7465565
1920;7453088
1921;7469460
1922;7469461
1923;7469100
1924;7469162
1925;7469154
1926;7469227
1927;7465570
1928;7453707
1931;7465592
1932;7469177
1933;7469177
1934;7469176
1935;7469175
1936;7469174
1937;7453708
1938;7469155
1939;7465593
1940;7456978
1941;7465557
1942;7453155
1943;7453156
1944;7451958
1945;7451959
1946;7451996
1947;7459056
1948;7465594
1950;7451237
1952;7451255
1953;7451231
1954;7451254
1955;7451233
1956;7451234
1957;7451239
1958;7451240
1959;7469195
1960;7465656
1961;7465654
1962;7465655
1963;7465657
1964;7465658
1965;7465659
1967;7452009
1969;7452649
1970;7469152
1971;7469151
1972;7469150
1973;7469153
1974;7465633
1975;7458309
1976;7469226
1977;7459035
1978;7459036
1981;7459039
1982;7457050
1983;7457057
1984;7457445
1985;7456983
1987;7469149
1988;7459061
1989;7459112
1991;7465528
1992;7465531
1993;7465530
1994;7465529
2000;7445933
2001;7466099
2002;7445932
2003;7466100
2004;7445931
2008;7445926
2010;7400714
2011;7445929
2012;7445925
2013;7466108
2014;7466107
2015;7466106
2016;7466105
2017;7466104
2018;7466103
2019;7466102
2020;7466117
2021;7466116
2022;7466115
2023;7424784
2024;7466114
2025;7466113
2026;7466112
2027;7466111
2028;7466110
2029;7466101
2030;7466155
2031;7466154
2032;7466153
2033;7466152
2034;7466151
2035;7466161
2040;7466127
2041;7466126
2042;7466125
2043;7466123
2044;7466121
2045;7466120
2046;7466119
2047;7466122
2048;7466124
2050;7424783
2051;7466141
2052;7466142
2053;7466142
2054;7466139
2055;7466138
2056;7466137
2057;7466143
2058;7466136
2059;7466135
2060;7466149
2061;7466147
2062;7466146
2063;7466145
2064;7445918
2065;7466144
2066;7445922
2067;7466098
2070;7445927
2071;7445928
2072;7466160
2074;7445920
2075;7466157
2076;7466156
2077;7466158
2088;7458611
2089;7445934
2090;7466133
2091;7466132
2092;7466131
2093;7466130
2094;7466128
2095;7466163
2096;7466134
2097;7466115
2098;7466115
2099;7466109
2100;7466640
2101;7445602
2102;7467518
2103;7467517
2104;7467516
2105;7467515
2106;7467514
2107;7421643
2108;7445598
2109;7467534
2110;7467533
2111;7467519
2112;7467520
2113;7467521
2114;7467522
2115;7467523
2116;7467524
2117;7467532
2118;7467525
2120;7467478
2121;7467481
2122;7467530
2123;7467528
2125;7467529
2126;7467526
2128;7467527
2131;7445599
2132;7445597
2133;7466638
2134;7466639
2135;7467448
2140;7467493
2141;7467480
2142;7467492
2143;7467491
2144;7467490
2145;7467479
2146;7467489
2147;7467488
2150;7467487
2151;7467486
2152;7467485
2153;7467484
2154;7467531
2155;7467482
2158;7467531
2159;7467535
2160;7467449
2161;7467536
2162;7467537
2163;7467538
2164;7467539
2165;7467540
2166;7467450
2190;7467454
2191;7467451
2192;7467452
2193;7467453
2194;7467455
2199;7467598
2200;7445615
2201;7467624
2202;7467616
2203;7467617
2204;7420869
2205;7467618
2206;7467619
2210;7467504
2211;7445614
2212;7467505
2213;7467507
2214;7467506
2215;7467508
2216;7445612
2221;7467612
2222;7467613
2223;7467614
2224;7467615
2227;7467623
2228;7445629
2229;7467589
2230;7467559
2232;7445630
2233;7445605
2234;7467583
2235;7467596
2236;7467594
2237;7420576
2239;7467584
2240;7467588
2241;7467593
2242;7467586
2243;7467587
2244;7414429
2245;7467586
2246;7467586
2247;7445629
2248;7445629
2250;7467622
2251;7467620
2252;7467621
2253;7445604
2256;7467611
2257;7467610
2258;7467609
2259;7467608
2260;7445606
2261;7467547
2262;7445607
2263;7467573
2264;7467560
2265;7467574
2266;7467572
2267;7467561
2268;7467575
2270;7470762
2271;7467512
2272;7467511
2273;7467510
2274;7467576
2275;7401177
2276;7467562
2279;7467562
2282;7467569
2283;7467568
2284;7467567
2285;7467564
2286;7467577
2288;7445592
2289;7467603
2290;7401168
2291;7467595
2292;7445595
2293;7468679
2296;7445593
2297;7467600
2298;7467601
2300;7467509
2301;7467501
2302;7467500
2303;7467502
2309;7467599
2310;7467597
2311;7467457
2312;7467558
2313;7467578
2314;7467579
2315;7467580
2316;7467581
2317;7467582
2319;7467456
2320;7467458
2321;7467464
2322;7467463
2323;7467460
2324;7467461
2325;7467459
2326;7467462
2328;7467625
2350;7445632
2351;7467466
2352;7467467
2353;7467465
2354;7467468
2355;7467469
2356;7467604
2357;7467605
2358;7470756
2359;7414430
2360;7467552
2361;7467551
2362;7467550
2363;7467549
2400;7467476
2401;7467475
2402;7467474
2403;7467473
2404;7467717
2406;7467713
2408;7470577
2409;7470576
2410;7467471
2411;7467472
2412;7467722
2413;7445696
2414;7467838
2415;7467470
2416;7467839
2417;7445695
2418;7445687
2419;7468596
2420;7467477
2421;7468594
2422;7468593
2423;7468592
2425;7468655
2426;7468656
2427;7468657
2428;7468658
2429;7467757
2430;7420606
2432;7467761
2433;7467762
2435;7467759
2436;7467763
2437;7467720
2438;7467721
2439;7467837
2440;7467764
2441;7467765
2442;7401137
2443;7445684
2444;7410512
2445;7401106
2446;7468672
2447;7467841
2450;7467766
2451;7467767
2452;7467768
2453;7467723
2454;7467769
2455;7467770
2456;7467771
2457;7467772
2458;7467773
2459;7470575
2460;7420605
2461;7467714
2462;7467776
2463;7468588
2464;7468587
2465;7411582
2466;7467774
2467;7467785
2468;7467835
2469;7468586
2470;7468668
2471;7468667
2472;7468666
2473;7468665
2474;7468664
2475;7468663
2476;7467836
2477;7468662
2478;7468661
2500;7468637
2501;7468636
2504;7468640
2510;7430351
2511;7430088
2512;7430095
2513;7430097
2514;7430099
2515;7430101
2516;7430115
2520;7466720
2521;7466719
2522;7466718
2523;7466717
2524;7466714
2525;7466715
2526;7466716
2527;7410307
2528;7468647
2529;7430351
2531;7468617
2532;7468618
2533;7468620
2534;7468622
2535;7468623
2536;7468625
2540;7468626
2541;7468631
2542;7468627
2543;7468632
2544;7468633
2545;7468634
2546;7468635
2550;7468597
2551;7467718
2552;7445692
2553;7468598
2554;7468599
2555;7468600
2556;7468616
2557;7468601
2558;7445686
2559;7467719
2560;7468602
2561;7468603
2562;7468604
2563;7468605
2564;7468606
2565;7468607
2566;7468608
2567;7468609
2568;7468615
2570;7445691
2571;7445688
2572;7445685
2573;7468610
2574;7468611
2575;7468612
2576;7445689
2577;7468613
2578;7468614
2579;7468586
2580;7468607
2581;7468358
2589;7468613
2600;7467737
2601;7467730
2602;7467739
2603;7411987
2604;7467740
2605;7467741
2606;7467742
2607;7467743
2610;7467734
2611;7467735
2612;7467736
2613;7468719
2614;7468595
2615;7467729
2616;7467732
2617;7467727
2618;7467726
2619;7467725
2620;7467744
2621;7467745
2622;7467731
2623;7467746
2624;7467747
2625;7445776
2626;7467834
2627;7467755
2628;7467732
2629;7411877
2630;7467748
2631;7467749
2632;7467750
2633;7467751
2634;7467752
2635;7467753
2636;7467701
2637;7467702
2638;7467754
2640;7467703
2641;7467704
2642;7467705
2643;7467706
2644;7467707
2645;7467711
2646;7467712
2647;7467710
2648;7424824
2649;7445670
2650;7467662
2651;7467663
2652;7445739
2653;7445738
2654;7467664
2655;7467665
2656;7467666
2657;7467733
2658;7445671
2660;7467667
2661;7467668
2662;7445666
2663;7467669
2664;7467670
2665;7467671
2666;7470749
2667;7467672
2670;7467626
2671;7467627
2672;7467628
2673;7467629
2674;7467630
2675;7467631
2676;7467632
2680;7467633
2681;7467634
2682;7438159
2683;7410254
2684;7445658
2685;7467635
2686;7467636
2700;7467673
2701;7467674
2702;7467675
2703;7401325
2704;7467637
2705;7467638
2706;7467639
2707;7467640
2710;7420572
2711;7467786
2712;7445667
2713;7467676
2714;7467677
2715;7467678
2716;7467679
2717;7468660
2720;7401232
2721;7467787
2722;7467794
2723;7468659
2724;7467795
2725;7467796
2726;7467797
2727;7445717
2728;7468653
2730;7467798
2731;7467799
2732;7467800
2733;7467801
2734;7434603
2735;7434603
2736;7434603
2740;7420575
2741;7467802
2742;7467803
2743;7467804
2744;7438211
2745;7420577
2746;7445662
2750;7467811
2751;7467810
2752;7467809
2753;7467808
2754;7467807
2755;7467806
2756;7467805
2760;7467788
2761;7467789
2762;7468652
2763;7467790
2764;7467792
2765;7467793
2766;7445665
2767;7420573
2770;7467791
2771;7467812
2772;7467813
2773;7467814
2774;7467815
2775;7467816
2780;7467817
2781;7467818
2782;7467819
2783;7467820
2784;7467821
2785;7467822
2786;7467823
2790;7467824
2791;7467825
2792;7467826
2793;7420574
2794;7420574
2795;7420574
2796;7420574
2797;7420574
2800;7400784
2801;7418045
2802;7445828
2803;7468689
2804;7468691
2805;7468688
2806;7468699
2807;7468698
2808;7468697
2809;7414435
2810;7401275
2811;7468703
2812;7468704
2813;7468702
2814;7468701
2815;7424782
2816;7468686
2817;7468687
2818;7414589
2819;7468700
2820;7468683
2821;7468684
2822;7468685
2823;7424297
2824;7468696
2825;7468705
2826;7468695
2827;7468694
2828;7468693
2829;7468692
2830;7424350
2831;7468681
2832;7445668
2834;7468682
2835;7468680
2840;7468707
2841;7468708
2842;7445669
2843;7468709
2844;7468710
2845;7468711
2846;7468712
2847;7468716
2852;7445664
2853;7468715
2854;7445663
2855;7424851
2856;7468717
2857;7468718
2860;7401276
2861;7445832
2862;7468720
2863;7468720
2864;7468721
2865;7445830
2866;7468722
2867;7468730
2868;7468723
2869;7468724
2870;7468725
2871;7468729
2873;7468728
2874;7418088
2880;7418273
2881;7418273
2882;7468755
2883;7434513
2884;7434513
2920;7468109
2921;7468110
2922;7468111
2923;7468112
2924;7468113
2925;7445711
2926;7445712
2927;7445713
2928;7445714
2929;7420569
2930;7468118
2931;7468114
2932;7468115
2933;7468116
2934;7445722
2935;7445721
2937;7401389
2938;7468107
2939;7468108
2940;7468106
2941;7467948
2942;7467949
2943;7467950
2944;7445723
2945;7467951
2946;7467952
2947;7445703
2949;7410253
2950;7468524
2951;7468525
2952;7468526
2953;7420571
2954;7468102
2955;7468103
2956;7468105
2957;7468117
2958;7468527
2959;7468528
2960;7468093
2961;7468094
2962;7468095
2963;7468531
2964;7468096
2965;7468097
2966;7468098
2967;7468099
2968;7468100
2969;7468101
2970;7468514
2971;7468515
2972;7468516
2973;7468517
2974;7468518
2976;7468520
2977;7468521
2978;7468522
2979;7468523
2980;7468506
2981;7468507
2982;7468508
2983;7468509
2984;7468530
2985;7445780
2986;7468510
2987;7468511
2988;7468512
2989;7468513
2990;7411580
3000;7465725
3001;7465859
3002;7423574
3004;7445538
3005;7465707
3006;7465706
3007;7465705
3008;7465704
3009;7424530
3010;7465741
3011;7465740
3012;7465739
3013;7465738
3015;7465737
3016;7465750
3017;7465751
3018;7465703
3020;7401041
3021;7465702
3022;7465732
3023;7465733
3024;7465734
3025;7465735
3026;7465736
3027;7465701
3028;7465742
3030;7465729
3031;7465726
3032;7465727
3033;7465729
3034;7465729
3035;7445292
3036;7465731
3040;7465720
3041;7465709
3042;7465719
3043;7465718
3044;7465716
3045;7465715
3046;7465714
3047;7465708
3050;7465749
3051;7465748
3052;7465747
3053;7465746
3054;7465745
3055;7465744
3060;7465713
3061;7465723
3062;7465722
3063;7465724
3064;7465721
3065;7401353
3066;7465711
3067;7465712
3069;7465710
3070;7465756
3071;7465755
3072;7465757
3074;7465754
3075;7465717
3078;7465752
3079;7465753
3080;7465758
3081;7465759
3100;7465762
3101;7445340
3102;7445345
3105;7465772
3106;7465770
3107;7465771
3108;7445300
3110;7424531
3111;7445542
3112;7465769
3113;7465768
3114;7465767
3115;7465766
3116;7465765
3117;7465764
3118;7465763
3120;7465786
3121;7465784
3122;7465785
3123;7465743
3124;7465787
3125;7465788
3126;7465789
3127;7465790
3128;7465791
3129;7465812
3130;7465792
3131;7465793
3132;7465794
3133;7465795
3134;7465796
3135;7465814
3136;7465797
3137;7465798
3138;7465799
3139;7465800
3140;7401247
3143;7465801
3144;7465803
3145;7465802
3146;7465804
3147;7465816
3150;7465808
3151;7465775
3152;7465774
3153;7465806
3154;7465760
3155;7465773
3156;7465776
3157;7465810
3160;7401007
3161;7465777
3162;7465820
3163;7465783
3164;7445535
3165;7465781
3166;7445533
3170;7465813
3171;7465819
3172;7465822
3173;7465821
3174;7465779
3175;7465818
3176;7465817
3177;7465815
3178;7465761
3179;7465811
3180;7465809
3181;7465807
3182;7465778
3183;7465805
3184;7465782
3185;7465780
3186;7470750
3190;7465834
3191;7465823
3193;7465835
3194;7465836
3195;7465833
3200;7426053
3201;7465839
3202;7465840
3203;7465841
3204;7465842
3205;7465843
3206;7465844
3210;7465846
3211;7465845
3212;7465847
3213;7465848
3214;7465858
3215;7465849
3220;7465838
3221;7465829
3222;7465832
3223;7465831
3224;7465828
3225;7465827
3226;7465826
3227;7465825
3228;7465824
3229;7465830
3230;7401313
3231;7465879
3232;7465880
3233;7465881
3234;7465882
3235;7445548
3236;7465883
3237;7465884
3238;7445869
3240;7465850
3241;7465885
3242;7465886
3243;7465887
3244;7465910
3245;7465861
3246;7465860
3247;7465867
3248;7465878
3250;7424532
3251;7445544
3252;7465888
3253;7465889
3254;7465890
3255;7465891
3256;7465892
3257;7465893
3258;7465894
3259;7465895
3260;7465868
3261;7465862
3262;7465863
3263;7465864
3264;7465865
3265;7465866
3266;7465869
3267;7465870
3270;7425944
3271;7465871
3272;7465872
3273;7465873
3274;7465874
3275;7465875
3276;7465914
3277;7445545
3281;7445546
3282;7465911
3283;7445547
3300;7465857
3301;7465855
3302;7465854
3304;7465853
3305;7465852
3306;7465837
3307;7465851
3310;7465877
3311;7465876
3320;7401063
3321;7445536
3322;7445537
3323;7465897
3324;7465898
3325;7465899
3326;7465900
3327;7465912
3328;7465901
3329;7465896
3330;7465902
3331;7465903
3332;7465904
3333;7465905
3334;7465906
3335;7465907
3336;7465909
3337;7465913
3338;7465908
3400;7401179
3401;7446073
3403;7446072
3404;7446068
3406;7412127
3407;7446133
3408;7446093
3409;7445587
3410;7466544
3411;7466623
3412;7466543
3413;7466589
3414;7466585
3415;7466545
3416;7446196
3417;7446195
3419;7445589
3420;7423254
3421;7466591
3422;7466592
3424;7466605
3425;7467205
3426;7466546
3427;7466548
3428;7466549
3429;7445591
3430;7445770
3431;7445576
3432;7445577
3433;7466637
3434;7445578
3435;7466641
3436;7466972
3437;7466971
3438;7423852
3439;7466970
3440;7466622
3441;7466968
3442;7466678
3443;7466599
3444;7434768
3445;7466613
3446;7421668
3447;7466646
3448;7466595
3450;7466586
3451;7466588
3452;7466642
3453;7466635
3454;7466636
3455;7466643
3456;7466584
3457;7445579
3458;7466644
3460;7466634
3461;7466606
3462;7466607
3463;7445586
3464;7445585
3465;7466971
3466;7466593
3467;7466594
3468;7466646
3469;7466645
3470;7449229
3471;7445587
3472;7421642
3474;7401179
3475;7466553
3476;7466550
3477;7466551
3478;7466552
3479;7466627
3480;7466543
3481;7450952
3482;7445580
3483;7466625
3484;7466608
3486;7466543
3487;7466543
3488;7466543
3489;7466590
3490;7445581
3492;7466579
3493;7466583
3494;7466581
3495;7466582
3496;7466580
3497;7445583
3498;7445587
3499;7445587
3500;7450957
3501;7452915
3502;7466556
3503;7466555
3504;7445571
3507;7466609
3510;7466558
3511;7445572
3512;7445574
3513;7450272
3515;7466649
3516;7466629
3517;7445570
3518;7450151
3519;7450098
3520;7466559
3521;7450955
3523;7466611
3525;7445403
3526;7466844
3527;7450954
3528;7466630
3529;7466631
3531;7466845
3533;7445569
3534;7450096
3536;7467295
3538;7466632
3539;7466633
3540;7466614
3541;7466621
3542;7466810
3543;7466615
3544;7466617
3546;7466612
3547;7466613
3548;7466943
3549;7466620
3550;7470753
3551;7445575
3552;7470757
3554;7444692
3561;7466602
3562;7466554
3563;7445588
3564;7466647
3569;7466602
3600;7401105
3601;7449269
3602;7449122
3603;7449115
3604;7449129
3606;7447671
3610;7449197
3611;7449196
3615;7447605
3617;7449266
3618;7449262
3619;7449253
3621;7446263
3622;7446801
3623;7446266
3624;7447231
3625;7447477
3626;7445466
3627;7450813
3628;7450720
3629;7450814
3630;7450837
3631;7450485
3632;7450276
3633;7450584
3634;7450675
3635;7450674
3637;7449138
3638;7449136
3639;7466090
3640;7446255
3641;7446256
3642;7446257
3643;7446258
3644;7446259
3645;7446260
3646;7446261
3647;7446262
3648;7446264
3649;7416367
3650;7445525
3651;7449250
3652;7449251
3653;7449252
3655;7449245
3657;7449247
3658;7449249
3659;7445471
3660;7449235
3661;7449236
3662;7449232
3663;7449231
3664;7449217
3665;7449215
3666;7449270
3667;7449175
3670;7449199
3671;7449198
3673;7449345
3674;7449274
3675;7449278
3676;7449287
3677;7449169
3678;7449288
3679;7449308
3680;7449183
3681;7449269
3682;7449244
3683;7449185
3684;7449184
3685;7449182
3686;7449268
3687;7449181
3691;7449194
3700;7449186
3701;7449187
3702;7449188
3703;7449189
3704;7449190
3705;7449191
3706;7449192
3709;7449974
3710;7449243
3712;7470754
3713;7449290
3714;7449291
3715;7449293
3716;7449300
3717;7449301
3718;7449303
3719;7446265
3721;7450929
3722;7450928
3723;7449915
3724;7449916
3726;7449833
3727;7449395
3728;7449271
3729;7449829
3730;7449835
3731;7449829
3733;7449273
3734;7467307
3735;7449831
3736;7411190
3738;7467038
3739;7467051
3740;7466562
3741;7450055
3742;7450056
3743;7450054
3744;7466561
3745;7450040
3747;7416366
3748;7416268
3749;7466560
3750;7445485
3753;7411189
3754;7411188
3755;7411200
3756;7411193
3759;7416178
3761;7466951
3762;7450989
3763;7466693
3764;7466692
3765;7466954
3766;7466952
3768;7466950
3769;7466949
3770;7416086
3771;7466960
3772;7466946
3773;7466953
3774;7466947
3776;7466690
3777;7466691
3778;7466694
3779;7466948
3781;7445493
3782;7445507
3783;7421679
3784;7466966
3785;7466965
3786;7445508
3787;7466964
3788;7466963
3790;7412885
3791;7466958
3792;7466957
3793;7466959
3795;7466956
3796;7466955
3797;7449193
3800;7466576
3801;7466567
3802;7466932
3803;7466933
3804;7466577
3805;7466934
3806;7401023
3807;7466976
3810;7445469
3811;7467298
3812;7467299
3813;7467300
3814;7467303
3815;7467301
3816;7467302
3817;7445470
3820;7466575
3821;7466568
3824;7466570
3825;7445481
3826;7466571
3827;7466572
3828;7466573
3829;7466574
3831;7466566
3832;7451051
3833;7470760
3834;7466565
3835;7450889
3836;7450890
3837;7450887
3838;7466564
3839;7466563
3840;7450933
3841;7450848
3842;7450937
3843;7450942
3844;7450899
3846;7450932
3847;7450931
3848;7450930
3851;7450941
3852;7450939
3853;7450938
3854;7450936
3855;7450935
3856;7451050
3860;7450927
3861;7466973
3862;7450923
3863;7450953
3864;7450922
3867;7450897
3868;7450896
3869;7466975
3870;7466974
3871;7449874
3872;7450944
3873;7449865
3874;7449868
3875;7449869
3877;7449871
3878;7449873
3880;7445497
3881;7445496
3882;7450934
3883;7450950
3884;7450951
3885;7450915
3886;7450921
3889;7451113
3891;7449897
3999;7465725
4000;7466222
4001;7445910
4002;7466223
4003;7466224
4004;7466225
4005;7466226
4006;7466227
4009;7431090
4010;7466237
4011;7466236
4012;7466235
4013;7466234
4014;7466233
4015;7466232
4016;7466231
4017;7466230
4018;7466229
4019;7466228
4020;7466247
4021;7466246
4022;7466245
4023;7466244
4024;7466243
4025;7466242
4027;7466248
4028;7466249
4029;7466208
4030;7424853
4031;7424852
4032;7445911
4033;7466203
4034;7445906
4035;7466240
4036;7466241
4037;7466239
4038;7466220
4039;7466221
4040;7466202
4041;7445900
4042;7466196
4043;7466320
4044;7466319
4046;7466200
4048;7466199
4049;7445905
4050;7466305
4051;7466307
4052;7466309
4053;7466311
4054;7466312
4055;7466312
4056;7466314
4057;7466315
4059;7466527
4060;7466239
4061;7466316
4062;7445911
4063;7420874
4100;7400730
4103;7466282
4104;7445912
4105;7466262
4106;7466261
4107;7466260
4108;7466254
4109;7466281
4110;7401169
4111;7466250
4112;7466251
4113;7466252
4114;7466253
4115;7401180
4116;7466263
4117;7466264
4118;7466265
4119;7470755
4120;7466283
4121;7466274
4122;7466273
4123;7466272
4124;7466271
4125;7466270
4130;7445895
4131;7466266
4132;7466267
4133;7466268
4134;7445899
4140;7426544
4141;7466280
4142;7466279
4143;7466278
4144;7466277
4145;7466276
4150;7466303
4151;7466301
4152;7466300
4153;7445897
4154;7466299
4155;7466298
4156;7466297
4157;7466296
4158;7466295
4160;7426545
4161;7466294
4162;7466293
4163;7466292
4164;7466291
4165;7445898
4166;7466290
4167;7445896
4170;7466289
4171;7466288
4172;7466287
4173;7466286
4174;7466285
4175;7466302
4177;7466284
4178;7466304
4180;7466259
4181;7466258
4182;7466257
4183;7466256
4184;7466255
4200;7400698
4201;7466351
4202;7466333
4203;7466332
4204;7466331
4205;7466323
4206;7466324
4207;7466322
4208;7466321
4209;7414316
4210;7466336
4211;7466335
4212;7414317
4213;7466334
4214;7414318
4215;7466337
4216;7466338
4217;7466339
4218;7414319
4219;7435330
4220;7418274
4221;7466330
4222;7466329
4223;7418276
4224;7466328
4225;7466327
4226;7466326
4227;7466325
4228;7466528
4229;7466529
4230;7466349
4231;7466347
4232;7466346
4233;7466345
4234;7466344
4235;7466343
4236;7466342
4237;7466341
4238;7466350
4239;7466340
4240;7426591
4241;7424822
4242;7466407
4244;7466406
4245;7466405
4246;7466403
4247;7416486
4248;7466526
4300;7424663
4301;7466355
4302;7401090
4303;7466353
4304;7466354
4305;7466352
4306;7466530
4308;7466532
4309;7466536
4310;7466363
4311;7466362
4312;7466361
4313;7466360
4314;7466359
4315;7466358
4316;7466381
4317;7466357
4318;7466356
4319;7466535
4320;7466525
4321;7466371
4322;7466372
4323;7466373
4324;7466375
4325;7466376
4326;7466382
4327;7425721
4328;7420580
4330;7424969
4331;7466374
4332;7466369
4333;7466368
4334;7466367
4335;7466366
4336;7466365
4337;7466364
4338;7466383
4339;7424238
4340;7466401
4341;7466533
4342;7466400
4343;7466399
4344;7466402
4345;7466398
4346;7466397
4347;7466396
4348;7466395
4350;7466380
4351;7466379
4352;7466378
4353;7466377
4354;7466394
4355;7466393
4356;7466392
4357;7466391
4360;7466390
4361;7466389
4362;7466388
4363;7466387
4364;7466386
4365;7466384
4366;7466385
4400;7401312
4402;7424823
4403;7466434
4404;7466459
4405;7421839
4406;7466433
4407;7466435
4408;7466432
4409;7466531
4411;7466436
4412;7466437
4413;7466438
4414;7466439
4415;7420579
4416;7466440
4417;7466441
4418;7466460
4419;7466442
4420;7401309
4421;7466450
4422;7445674
4423;7466449
4424;7466448
4425;7466447
4426;7466446
4427;7466445
4428;7466444
4429;7466443
4430;7401039
4431;7445673
4432;7466458
4433;7466457
4434;7466456
4435;7466455
4436;7466454
4437;7466453
4438;7466452
4439;7466451
4440;7466426
4441;7466427
4442;7466425
4443;7466424
4444;7466423
4445;7466422
4446;7466421
4447;7466420
4448;7466419
4450;7466415
4452;7466416
4453;7466417
4454;7466418
4455;7466428
4456;7466429
4457;7466430
4458;7466431
4460;7466408
4461;7425716
4462;7466409
4463;7466410
4464;7466411
4465;7466412
4466;7466413
4467;7466414
4468;7425717
4500;7401082
4501;7466464
4502;7445285
4503;7418269
4504;7466463
4505;7466462
4506;7466461
4507;7466472
4508;7466465
4509;7466466
4510;7424940
4511;7466505
4512;7466504
4513;7466503
4514;7466507
4515;7466506
4516;7466502
4517;7466501
4518;7466500
4520;7424942
4521;7466471
4522;7466470
4523;7466469
4524;7424941
4525;7466468
4526;7466537
4530;7466517
4531;7466541
4532;7466516
4533;7466515
4534;7466540
4535;7466539
4537;7466514
4538;7466513
4539;7466512
4540;7466511
4541;7466510
4542;7466509
4543;7466508
4544;7466467
4545;7466498
4546;7466499
4547;7466538
4550;7425722
4551;7466478
4552;7466477
4553;7400786
4554;7466476
4555;7466475
4556;7466474
4557;7445676
4558;7445675
4559;7466473
4560;7466487
4561;7466486
4562;7466485
4563;7466484
4564;7445672
4565;7424604
4566;7466483
4567;7466482
4568;7466481
4569;7466480
4570;7424603
4571;7466492
4572;7466491
4573;7466497
4574;7466490
4575;7466489
4576;7466488
4577;7466479
4580;7418270
4581;7466496
4582;7466495
4583;7466494
4584;7466493
4590;7466524
4591;7466523
4592;7466522
4593;7466521
4594;7466520
4595;7466519
4596;7466518
4597;7470748
4600;7424821
4601;7466193
4602;7466188
4603;7469580
4604;7466181
4605;7466194
4606;7469581
4607;7469582
4608;7469583
4609;7469584
4610;7445916
4611;7466192
4612;7466191
4613;7466190
4620;7466189
4621;7466187
4622;7466186
4623;7466185
4624;7466197
4625;7466198
4626;7424813
4627;7445909
4630;7466184
4631;7466183
4632;7466182
4633;7445901
4634;7445904
4636;7414450
4638;7445902
4639;7445903
4650;7453525
4651;7466217
4652;7466216
4653;7466215
4654;7466214
4655;7466213
4656;7466212
4657;7466211
4658;7466275
4663;7466218
4666;7445914
4667;7466219
4675;7466206
4676;7466210
4677;7466204
4678;7466209
4679;7400693
5002;7420671
5003;7410538
5004;7433206
5005;7443310
5006;7467392
5007;7449260
5008;7444695
5009;7412894
5010;7467391
5011;7467395
5012;7410547
5013;7410540
5015;7407177
5018;7445521
5019;7467402
5020;7466870
5021;7466869
5022;7466868
5023;7466867
5024;7467143
5025;7467313
5026;7467139
5027;7467314
5028;7467400
5029;7467403
5031;7467147
5032;7467133
5033;7467134
5034;7410889
5035;7467399
5036;7467135
5037;7467105
5038;7467106
5039;7467401
5040;7467124
5041;7467137
5042;7467138
5043;7467126
5044;7467128
5045;7435235
5046;7467131
5047;7445520
5048;7467130
5049;7467127
5050;7467347
5051;7467136
5052;7467141
5053;7467140
5054;7467142
5055;7467185
5056;7467199
5057;7467198
5058;7467197
5059;7467129
5060;7445519
5062;7467125
5063;7467122
5064;7467123
5065;7467132
5066;7411177
5067;7467384
5068;7467410
5069;7467196
5070;7467195
5072;7467107
5073;7467380
5074;7414427
5075;7445867
5076;7467152
5077;7467153
5078;7467154
5079;7444694
5080;7467146
5081;7467108
5083;7467109
5085;7410900
5086;7467111
5087;7467112
5088;7467113
5089;7467389
5090;7467121
5091;7467389
5092;7467388
5093;7467387
5094;7410537
5095;7410528
5096;7414663
5097;7410546
5099;7411177
5100;7400667
5101;7410902
5102;7467114
5103;7467115
5104;7467116
5105;7411254
5106;7467118
5107;7410872
5108;7410869
5109;7411173
5110;7412860
5111;7411257
5112;7411258
5113;7410519
5114;7410862
5115;7410865
5116;7410863
5117;7410866
5118;7451386
5120;7410552
5121;7467120
5122;7467119
5123;7467427
5124;7467428
5150;7466848
5151;7466849
5152;7466850
5153;7466875
5154;7466851
5155;7466871
5156;7466852
5157;7466853
5158;7466854
5159;7466855
5160;7425873
5161;7466856
5162;7466857
5163;7466858
5164;7466872
5165;7466859
5166;7466860
5167;7466861
5168;7466873
5169;7466862
5170;7466876
5171;7466874
5172;7467406
5177;7467413
5178;7466864
5179;7467421
5180;7466863
5181;7466866
5182;7467144
5183;7466865
5184;7466864
5185;7467420
5186;7467419
5187;7467418
5188;7467417
5189;7467416
5190;7467424
5191;7467415
5192;7467414
5203;7445866
5204;7467209
5205;7445868
5206;7467151
5208;7467149
5209;7467187
5210;7414425
5211;7414425
5212;7414427
5220;7425873
5221;7425873
5222;7467166
5225;7466822
5226;7466823
5230;7466816
5231;7467378
5232;7468617
5233;7467378
5234;7467378
5235;7467185
5236;7445519
5238;7445866
5239;7451386
5240;7467105
5243;7411304
5244;7467174
5245;7467175
5246;7467166
5247;7466812
5248;7466813
5249;7466814
5250;7466815
5251;7467200
5253;7466816
5254;7466817
5255;7466818
5256;7466819
5257;7466820
5258;7466821
5259;7466822
5260;7466823
5261;7466824
5262;7466825
5263;7466846
5264;7466826
5265;7466877
5266;7466827
5267;7466828
5268;7466829
5269;7421038
5270;7467167
5271;7445864
5272;7466830
5273;7466831
5274;7466832
5275;7466833
5276;7466834
5277;7466835
5278;7466836
5279;7466837
5280;7466838
5281;7467192
5282;7467168
5283;7467169
5284;7467194
5285;7467170
5286;7467171
5287;7411343
5288;7466842
5289;7466841
5290;7466840
5291;7466839
5293;7410531
5294;7467179
5295;7467178
5296;7467177
5297;7467176
5298;7412832
5300;7466751
5301;7466752
5302;7466753
5303;7466754
5304;7466772
5305;7466756
5306;7467148
5307;7408467
5308;7408080
5310;7466758
5311;7466757
5312;7466811
5313;7466755
5314;7466759
5315;7466760
5320;7466703
5321;7467362
5322;7467362
5323;7466762
5324;7466763
5326;7466776
5327;7466761
5328;7467346
5331;7466781
5332;7466779
5333;7466777
5334;7466704
5335;7466808
5337;7466778
5338;7466775
5339;7423139
5340;7466878
5341;7466780
5342;7467374
5343;7467368
5344;7466706
5345;7466707
5346;7466708
5347;7467369
5348;7467369
5349;7467370
5350;7466885
5351;7466879
5352;7466882
5353;7466883
5354;7466884
5355;7445683
5356;7466886
5357;7467371
5358;7466881
5359;7466774
5360;7401170
5361;7466748
5362;7445682
5363;7466887
5364;7466889
5365;7467373
5366;7467372
5368;7466747
5370;7466766
5371;7466773
5372;7466767
5373;7466768
5374;7466769
5375;7467375
5376;7466770
5377;7466771
5379;7414424
5380;7466713
5381;7466721
5382;7466712
5383;7466711
5384;7466710
5385;7466709
5386;7414422
5400;7467366
5401;7467360
5411;7466786
5412;7466787
5413;7466750
5414;7466788
5415;7466789
5416;7466806
5417;7467316
5418;7466790
5419;7467315
5420;7466809
5421;7466791
5422;7466792
5423;7466793
5424;7466784
5425;7466782
5426;7466795
5427;7466807
5428;7466796
5429;7466794
5430;7466797
5431;7466798
5432;7466799
5433;7466800
5434;7466801
5435;7466802
5436;7466803
5437;7466804
5438;7466805
5439;7467382
5440;7467355
5441;7467365
5442;7467364
5443;7467363
5444;7466783
5445;7466785
5446;7466888
5447;7466880
5448;7467007
5451;7467204
5453;7466679
5454;7466680
5455;7466746
5456;7466681
5457;7466745
5458;7467009
5459;7466749
5460;7466687
5461;7466686
5462;7466685
5463;7466684
5464;7466683
5465;7466682
5467;7467004
5468;7467005
5469;7467006
5470;7467212
5471;7466671
5472;7466672
5473;7466673
5474;7445638
5475;7445633
5476;7445637
5478;7466744
5479;7445640
5480;7466675
5481;7466677
5482;7466676
5483;7466696
5484;7466697
5485;7466698
5486;7467216
5487;7467217
5488;7467218
5489;7467219
5490;7467201
5492;7445638
5500;7467297
5501;7467356
5502;7401173
5503;7467215
5504;7467214
5505;7467541
5506;7467544
5507;7467543
5508;7467542
5509;7425718
5510;7466724
5511;7466723
5512;7466722
5513;7466670
5514;7466669
5515;7467545
5516;7466668
5517;7467211
5518;7467213
5520;7466733
5522;7466732
5523;7466730
5524;7466729
5525;7466728
5526;7466726
5527;7466727
5528;7466725
5530;7445636
5531;7466667
5532;7467546
5534;7467252
5535;7466961
5536;7467253
5537;7466742
5538;7466743
5539;7467254
5541;7466702
5542;7467207
5543;7467208
5544;7467233
5545;7466701
5546;7467231
5547;7467232
5549;7467234
5550;7466700
5551;7467235
5552;7467236
5553;7467237
5554;7467238
5555;7467239
5556;7467240
5557;7466699
5559;7467206
5560;7466695
5561;7467224
5562;7467221
5563;7467225
5564;7467226
5565;7467247
5566;7467248
5567;7467249
5568;7467250
5569;7467251
5570;7467203
5571;7467227
5572;7466674
5573;7467222
5575;7467223
5576;7467229
5577;7467230
5578;7466688
5579;7466689
5580;7425887
5581;7434944
5600;7412876
5601;7466908
5602;7466909
5603;7467265
5605;7420100
5609;7467265
5610;7467259
5611;7467258
5612;7467257
5613;7467256
5614;7467255
5616;7466920
5617;7466907
5618;7466906
5619;7445523
5620;7424968
5621;7467293
5622;7466923
5623;7466929
5624;7466891
5625;7466924
5626;7424296
5627;7466922
5628;7466890
5629;7466921
5630;7424967
5631;7466928
5632;7445679
5633;7466926
5634;7466927
5635;7466893
5636;7466925
5637;7466892
5639;7424296
5640;7466905
5641;7466904
5642;7466903
5643;7466902
5644;7445680
5645;7466914
5647;7466913
5648;7466895
5649;7466896
5650;7401176
5651;7467096
5652;7445677
5653;7466901
5654;7445678
5655;7466899
5660;7466919
5661;7424662
5662;7466918
5665;7401340
5666;7466900
5667;7466912
5668;7466894
5670;7466931
5671;7466911
5672;7466897
5673;7466898
5674;7467098
5675;7466915
5676;7466916
5677;7466917
5678;7467260
5679;7467261
5691;7407889
5692;7407886
5693;7407861
5700;7467292
5701;7467267
5702;7467268
5703;7467269
5704;7467270
5705;7467291
5706;7467271
5707;7467272
5708;7467273
5709;7467274
5710;7467280
5711;7467275
5712;7467077
5713;7467276
5714;7467277
5715;7467278
5716;7467280
5717;7467282
5718;7467282
5719;7467283
5720;7467284
5721;7467285
5722;7467286
5723;7467097
5724;7467288
5725;7467289
5726;7467290
5727;7467095
5728;7467439
5729;7467438
5730;7467320
5731;7467437
5732;7467436
5733;7467435
5734;7410520
5735;7411278
5736;7410525
5738;7410903
5739;7467429
5747;7467318
5748;7467294
5749;7467319
5750;7466994
5751;7466995
5752;7466996
5753;7466997
5754;7466992
5755;7467304
5756;7466993
5757;7467305
5758;7467306
5759;7466998
5760;7466990
5761;7466980
5762;7466999
5763;7466991
5765;7467336
5767;7467003
5768;7467338
5769;7467339
5770;7467341
5771;7466988
5772;7467025
5773;7467061
5774;7467060
5775;7467059
5776;7467000
5777;7466989
5778;7467335
5779;7467024
5781;7467001
5782;7466982
5783;7467018
5784;7467019
5785;7467020
5786;7467021
5787;7467022
5788;7467023
5789;7467017
5790;7467312
5791;7466981
5792;7466987
5793;7466986
5794;7466985
5795;7466984
5796;7466983
5797;7411139
5798;7467266
5799;7467310
5800;7420638
5802;7467030
5803;7467031
5804;7467050
5805;7467049
5806;7467048
5807;7467047
5808;7467040
5810;7467035
5811;7467036
5812;7467034
5813;7467053
5814;7467052
5817;7467037
5819;7445399
5820;7467054
5821;7467070
5822;7467069
5823;7467068
5824;7467067
5825;7467066
5826;7467032
5827;7467033
5828;7467055
5829;7467321
5830;7467046
5831;7467045
5832;7467044
5833;7467043
5834;7467042
5835;7467041
5837;7445408
5838;7467028
5839;7467065
5843;7467063
5844;7467063
5845;7467063
5846;7467063
5847;7467062
5850;7466938
5851;7401187
5852;7466937
5853;7466978
5854;7466977
5855;7445490
5856;7445488
5857;7445527
5858;7466936
5859;7466939
5861;7466979
5862;7412882
5863;7445453
5864;7412884
5865;7445355
5866;7467329
5867;7467330
5868;7466944
5869;7466945
5871;7466941
5872;7466942
5875;7445351
5876;7467026
5877;7466940
5878;7467332
5879;7467027
5880;7467011
5881;7445350
5882;7467014
5883;7467016
5884;7467015
5885;7467013
5886;7467012
5887;7470745
5888;7467010
5889;7464731
5890;7467331
5891;7467340
5892;7446191
5893;7446251
6000;7400665
6001;7468467
6002;7468468
6003;7468335
6004;7468469
6006;7411397
6007;7468329
6010;7468464
6011;7468466
6012;7468481
6013;7468482
6015;7411041
6016;7467856
6018;7467857
6019;7449263
6020;7468458
6021;7468460
6022;7468462
6023;7468463
6024;7468083
6025;7468082
6026;7468080
6027;7468301
6028;7449267
6029;7449276
6030;7468449
6031;7468450
6032;7468451
6033;7468452
6034;7468454
6035;7468456
6036;7445719
6037;7468457
6038;7470580
6039;7470579
6040;7468474
6041;7468471
6046;7468476
6047;7468293
6049;7449264
6050;7468477
6051;7468478
6052;7445793
6053;7468480
6054;7411090
6060;7411396
6062;7445802
6064;7467843
6065;7467842
6066;7467698
6067;7467844
6068;7467845
6069;7467846
6070;7410511
6071;7468812
6099;7467862
6100;7467875
6101;7467876
6102;7467877
6103;7467878
6104;7467879
6105;7445729
6106;7445728
6107;7418090
6108;7445731
6109;7445730
6110;7467880
6111;7467881
6112;7467882
6113;7467883
6114;7401136
6115;7424292
6116;7467884
6117;7445727
6118;7467885
6119;7445763
6120;7467886
6121;7467887
6122;7467930
6123;7467889
6124;7467890
6125;7467891
6126;7467892
6127;7467893
6128;7467894
6129;7467895
6130;7467869
6131;7467870
6132;7401492
6133;7445732
6134;7418089
6135;7467871
6136;7467872
6137;7467873
6138;7467874
6139;7445732
6141;7467864
6144;7467867
6145;7467868
6146;7445756
6147;7418091
6148;7445757
6150;7445784
6151;7445785
6152;7445786
6153;7445787
6154;7445788
6155;7445789
6156;7445790
6157;7445791
6158;7445792
6159;7411461
6160;7467847
6161;7467848
6162;7467849
6163;7467897
6164;7467898
6165;7467899
6166;7467850
6167;7467851
6168;7467852
6169;7467853
6170;7467929
6200;7467974
6201;7467975
6202;7467976
6203;7467977
6204;7467978
6205;7467979
6206;7445707
6207;7420980
6210;7467966
6211;7467967
6212;7467968
6213;7467969
6215;7467971
6216;7467972
6217;7467973
6220;7467961
6221;7467962
6222;7424294
6223;7467963
6224;7467964
6225;7467965
6230;7424885
6231;7467954
6232;7467955
6233;7467956
6234;7467957
6235;7467958
6236;7467959
6237;7467960
6238;7445702
6239;7401021
6240;7467920
6241;7467921
6242;7467922
6243;7467923
6244;7467928
6245;7467924
6246;7467925
6247;7467927
6248;7425023
6250;7467911
6251;7467912
6252;7467913
6253;7467914
6254;7467915
6255;7467916
6256;7467917
6257;7467918
6258;7467919
6260;7434544
6261;7423150
6262;7467998
6263;7467905
6264;7467906
6265;7467907
6266;7467908
6267;7467909
6268;7467910
6270;7467992
6271;7467993
6272;7467994
6273;7467995
6274;7467996
6275;7467997
6276;7445706
6277;7445705
6278;7401060
6280;7445746
6281;7411454
6282;7445745
6283;7445744
6284;7467987
6285;7467988
6286;7467990
6287;7467991
6288;7467989
6290;7467982
6291;7467983
6292;7467984
6293;7467985
6294;7467986
6295;7467900
6296;7467901
6297;7467902
6298;7467903
6299;7467904
6300;7467687
6301;7467688
6302;7467689
6303;7467690
6304;7467691
6305;7411196
6306;7445781
6307;7445782
6308;7467981
6310;7420578
6311;7467680
6312;7411774
6313;7467683
6314;7445760
6315;7445759
6316;7467684
6317;7467685
6318;7467686
6319;7467933
6320;7411230
6321;7467641
6322;7467642
6323;7467643
6324;7445749
6325;7467644
6326;7445725
6327;7445726
6328;7445749
6329;7467931
6330;7467645
6331;7467646
6332;7467647
6333;7467648
6334;7467649
6335;7467650
6336;7467651
6337;7467652
6338;7467653
6339;7467932
6340;7467654
6341;7467655
6342;7467654
6343;7467654
6344;7467652
6345;7467652
6346;7467678
6347;7467677
6348;7410088
6350;7445768
6351;7445764
6352;7445766
6353;7445767
6354;7467656
6355;7445769
6356;7467657
6357;7467658
6358;7445769
6359;7467657
6360;7467692
6361;7467693
6362;7467694
6363;7467695
6364;7467696
6365;7467697
6367;7468502
6368;7468501
6369;7468500
6370;7468499
6371;7468498
6372;7468497
6373;7468496
6374;7468495
6375;7468194
6376;7468494
6377;7468493
6378;7468492
6379;7468491
6380;7468392
6381;7468393
6382;7468483
6383;7468484
6384;7468485
6385;7468486
6386;7468487
6387;7468488
6388;7468489
6389;7468490
6390;7411134
6391;7467783
6392;7467784
6393;7410496
6394;7410497
6395;7410500
6396;7410502
6397;7410504
6398;7410506
6399;7410508
6401;7468195
6402;7468569
6404;7468570
6405;7468576
6406;7468577
6407;7468578
6408;7445715
6409;7468553
6410;7468552
6411;7468551
6412;7468550
6413;7468539
6414;7468554
6415;7468549
6416;7468548
6417;7468542
6418;7468555
6419;7468557
6420;7468558
6421;7468559
6422;7468560
6423;7468561
6424;7468562
6425;7468563
6426;7468537
6428;7468535
6429;7468534
6430;7468547
6431;7468532
6432;7468533
6433;7468546
6434;7468545
6435;7468544
6436;7468543
6437;7468200
6438;7468201
6439;7468202
6440;7467715
6441;7467781
6442;7467782
6443;7410777
6444;7409185
6445;7468391
6446;7470581
6447;7445751
6448;7468302
6449;7467780
6450;7410514
6451;7467777
6452;7467778
6453;7467779
6454;7445779
6455;7468442
6456;7468439
6457;7468444
6458;7468438
6459;7410080
6460;7468589
6461;7468147
6462;7468590
6463;7468441
6464;7410938
6465;7445750
6466;7468440
6467;7468541
6468;7468540
6469;7468079
6470;7468383
6471;7468384
6472;7468385
6473;7468386
6474;7468387
6475;7468388
6476;7468389
6477;7468390
6478;7411379
6479;7468445
6480;7468120
6481;7468121
6482;7468122
6483;7468123
6484;7468104
6485;7468124
6486;7410970
6487;7410971
6488;7410973
6489;7468125
6490;7468424
6491;7468422
6492;7468430
6493;7468421
6494;7445794
6495;7445794
6496;7468421
6497;7468430
6499;7468422
6500;7400666
6501;7468443
6502;7410495
6503;7411388
6504;7411381
6505;7468343
6506;7410939
6507;7468436
6508;7470578
6509;7468375
6510;7401120
6511;7468363
6512;7468364
6513;7468365
6514;7468374
6515;7468366
6516;7468367
6517;7468368
6520;7468356
6521;7468357
6522;7468358
6523;7468359
6524;7468360
6525;7468361
6526;7468362
6527;7466843
6530;7468348
6531;7468349
6532;7468350
6533;7468351
6534;7468352
6535;7468353
6536;7468354
6537;7468355
6540;7468403
6541;7468404
6542;7468405
6543;7468406
6544;7468437
6545;7468407
6546;7401282
6547;7468408
6548;7468409
6549;7445794
6550;7468119
6551;7468394
6552;7468395
6553;7468396
6554;7468397
6555;7468398
6556;7468399
6557;7468400
6558;7468401
6559;7468402
6560;7468344
6561;7468345
6562;7468346
6563;7411321
6564;7468347
6565;7468381
6566;7468369
6567;7468382
6568;7411182
6569;7468370
6570;7468410
6571;7468411
6572;7468412
6573;7468413
6574;7468414
6575;7468433
6576;7468415
6577;7468416
6580;7468428
6581;7468417
6582;7468429
6583;7468418
6584;7468419
6585;7468420
6586;7468435
6590;7468371
6591;7468372
6592;7468373
6594;7468376
6595;7468377
6596;7468378
6597;7468379
6598;7468380
6601;7411042
6602;7411043
6603;7468150
6604;7411055
6605;7468152
6606;7468153
6607;7468154
6608;7411066
6609;7468564
6611;7411071
6612;7468565
6613;7468566
6614;7468567
6615;7468568
6616;7445753
6617;7468556
6620;7468156
6621;7468157
6622;7411071
6623;7424661
6624;7468158
6625;7411074
6626;7411079
6627;7468161
6630;7468162
6631;7468163
6632;7468164
6633;7445797
6634;7468165
6635;7468187
6636;7468188
6637;7468189
6638;7468190
6640;7445796
6641;7468166
6642;7401331
6643;7468167
6644;7468168
6645;7468169
6646;7468170
6647;7468171
6648;7468172
6650;7468173
6651;7468174
6652;7468175
6653;7468176
6654;7468177
6655;7468178
6656;7468178
6657;7468178
6658;7468272
6659;7468273
6660;7468178
6661;7468178
6662;7468179
6663;7468180
6664;7445798
6665;7445799
6666;7445800
6667;7468178
6668;7445801
6669;7468006
6670;7468001
6671;7468002
6672;7468003
6673;7468004
6674;7468005
6675;7468006
6676;7445762
6677;7468007
6678;7468008
6679;7467980
6680;7468009
6681;7468010
6682;7468011
6683;7468012
6684;7468013
6685;7445697
6686;7423503
6687;7468014
6688;7468015
6689;7468016
6690;7468017
6691;7468018
6692;7468019
6693;7468020
6694;7468021
6695;7468022
6696;7468023
6697;7468024
6698;7468025
6699;7468026
6700;7468027
6701;7468028
6702;7468029
6704;7468030
6705;7468031
6706;7468032
6707;7445718
6709;7445718
6710;7445737
6711;7468035
6712;7468036
6713;7468037
6714;7411328
6715;7468038
6716;7467999
6717;7467953
6719;7411354
6720;7468039
6721;7468040
6722;7467935
6723;7467936
6724;7467937
6725;7467938
6726;7467939
6727;7445761
6728;7401020
6730;7468084
6731;7468085
6732;7468086
6733;7468087
6734;7468088
6735;7468089
6740;7468090
6741;7468091
6742;7468092
6743;7468304
6744;7468305
6745;7468306
6746;7468307
6747;7468308
6748;7468309
6750;7468310
6751;7468503
6752;7468504
6753;7468505
6755;7410249
6758;7468311
6759;7468312
6760;7468313
6761;7468314
6762;7468315
6763;7468316
6764;7468317
6765;7468318
6766;7468319
6767;7468320
6768;7468321
6769;7468322
6770;7468272
6780;7410499
6781;7445710
6782;7468272
6783;7445708
6790;7468273
6791;7411302
6800;7400662
6801;7411164
6802;7411408
6803;7411407
6804;7410516
6805;7420583
6806;7468205
6807;7468206
6808;7424582
6809;7468207
6820;7468126
6821;7467855
6822;7468127
6823;7410984
6824;7401042
6825;7410986
6826;7468128
6827;7468129
6828;7410991
6829;7411004
6830;7411704
6831;7468131
6832;7468132
6833;7468133
6834;7410515
6835;7411009
6836;7468134
6837;7468135
6838;7468136
6839;7445758
6840;7468137
6841;7411385
6842;7411039
6843;7468138
6844;7468139
6845;7468148
6846;7468140
6847;7468191
6848;7468192
6849;7468193
6850;7468141
6851;7468204
6852;7401299
6853;7468142
6854;7468143
6855;7410518
6856;7468144
6857;7411033
6858;7411038
6859;7411040
6860;7468247
6861;7468246
6862;7468245
6863;7468244
6864;7468243
6865;7468242
6866;7468241
6867;7468240
6868;7468248
6869;7468256
6870;7468208
6871;7468209
6872;7468210
6873;7468211
6874;7468212
6875;7468213
6876;7468214
6877;7421243
6880;7468215
6881;7468216
6882;7468217
6883;7468218
6884;7468219
6885;7468220
6886;7445777
6887;7445778
6888;7401132
6890;7445774
6900;7401396
6901;7468000
6902;7445720
6903;7468181
6904;7468182
6905;7468183
6906;7400785
6907;7468185
6908;7468221
6910;7468263
6911;7468229
6912;7468228
6913;7468227
6914;7468226
6915;7468225
6916;7468224
6917;7468223
6918;7468222
6919;7468326
6920;7468234
6921;7468233
6922;7468232
6923;7468231
6924;7468230
6925;7468239
6926;7468238
6927;7468237
6928;7468236
6929;7468325
6930;7445701
6931;7468253
6932;7468252
6933;7468251
6934;7468250
6935;7468262
6936;7468249
6940;7468255
6941;7468254
6942;7445699
6943;7445698
6944;7445700
6945;7425052
6946;7467930
6949;7468446
6950;7468186
6951;7468041
6952;7468042
6953;7468043
6954;7468044
6955;7468045
6956;7468046
6957;7468047
6958;7468048
6959;7468049
6960;7468050
6961;7468051
6962;7468052
6963;7468053
6964;7468054
6965;7468055
6966;7468056
6967;7468057
6968;7468058
6969;7468059
6970;7445773
6971;7445772
6972;7468067
6973;7400695
6974;7445771
6975;7468062
6976;7468063
6977;7468064
6978;7468065
6979;7468066
6980;7468068
6981;7468069
6982;7468078
6983;7468070
6984;7445743
6985;7445742
6986;7468071
6987;7468072
6988;7468073
6989;7468077
6990;7411356
6991;7445741
6992;7445740
6993;7445724
6994;7468074
6995;7468075
6996;7468447
6997;7468076
6998;7445783
6999;7401294
7000;7401178
7002;7468985
7003;7468984
7004;7469096
7005;7445549
7008;7469077
7009;7468991
7010;7469097
7011;7469178
7012;7469098
7013;7469099
7014;7469189
7015;7468983
7016;7469095
7017;7469050
7018;7469049
7020;7468945
7021;7469185
7022;7468944
7023;7469144
7024;7469145
7025;7468943
7026;7468946
7027;7468947
7028;7469234
7029;7469233
7030;7468955
7031;7468954
7032;7468951
7033;7468956
7034;7468957
7035;7469072
7036;7414655
7037;7414658
7038;7414874
7044;7445553
7045;7468941
7046;7469035
7047;7469034
7048;7469033
7050;7469023
7051;7469022
7052;7469021
7053;7469020
7054;7468990
7055;7469019
7056;7469018
7060;7469201
7061;7468952
7062;7445552
7063;7469146
7064;7469012
7065;7468939
7066;7469013
7067;7469147
7068;7469148
7069;7468940
7070;7445555
7071;7469030
7072;7469029
7073;7469028
7074;7469027
7075;7469031
7076;7469026
7077;7469025
7081;7468953
7082;7468938
7083;7468937
7084;7468936
7085;7469165
7086;7469032
7087;7469024
7088;7445558
7090;7401292
7091;7468930
7092;7469065
7095;7468931
7096;7468932
7097;7468933
7098;7468934
7099;7468935
7100;7445559
7102;7469258
7103;7469057
7105;7469062
7106;7469063
7107;7469257
7108;7445556
7109;7470304
7110;7445557
7111;7469186
7112;7469166
7113;7469229
7114;7469230
7115;7469222
7116;7469221
7117;7469220
7118;7469058
7119;7469059
7120;7445565
7121;7469056
7122;7445566
7123;7469231
7124;7469083
7126;7469225
7127;7468980
7128;7420834
7129;7469240
7130;7464081
7131;7468998
7132;7468997
7133;7468996
7134;7469051
7135;7469052
7136;7469052
7137;7469055
7138;7469163
7139;7445567
7140;7469179
7141;7469002
7142;7469001
7143;7469000
7144;7468999
7145;7468986
7146;7469243
7147;7469244
7150;7469014
7151;7469015
7152;7469016
7153;7469237
7154;7469238
7155;7469017
7156;7469168
7157;7469169
7158;7468942
7159;7469170
7160;7469171
7161;7469172
7162;7469173
7163;7469455
7164;7469456
7165;7469241
7166;7469457
7167;7469458
7168;7469459
7170;7468958
7171;7468950
7172;7468959
7173;7468960
7174;7468961
7175;7468962
7176;7468963
7177;7468964
7178;7468965
7180;7468966
7181;7468967
7182;7468968
7183;7468969
7184;7468970
7185;7468978
7187;7468981
7188;7438354
7189;7438355
7190;7468971
7191;7468972
7192;7468973
7193;7468974
7194;7468975
7195;7468976
7196;7468977
7200;7469260
7201;7469011
7202;7468982
7203;7469003
7204;7468994
7205;7468993
7206;7469219
7207;7468992
7208;7469267
7209;7445539
7210;7445540
7211;7469078
7212;7469079
7213;7469080
7214;7469082
7215;7468989
7216;7469004
7217;7468988
7218;7468987
7219;7445534
7220;7468995
7221;7469274
7222;7469275
7223;7469277
7224;7469276
7225;7469202
7226;7469203
7227;7469005
7228;7469006
7229;7469007
7231;7469067
7232;7469068
7233;7469070
7234;7469071
7235;7469074
7236;7469075
7237;7469076
7238;7469278
7239;7469279
7240;7469089
7241;7469081
7242;7468917
7243;7468916
7245;7468914
7246;7469088
7247;7468914
7248;7468918
7249;7469269
7250;7469212
7251;7469093
7252;7469092
7253;7469091
7254;7469223
7255;7469090
7256;7424293
7257;7445543
7259;7469270
7260;7469102
7261;7469103
7262;7469038
7263;7469105
7264;7469167
7265;7469010
7266;7469009
7267;7469008
7268;7469259
7270;7469048
7271;7469047
7273;7469046
7274;7469036
7275;7469037
7276;7469204
7277;7469205
7278;7469206
7279;7469207
7280;7469041
7281;7469042
7282;7469106
7283;7469094
7284;7469069
7285;7469101
7286;7469039
7287;7469040
7291;7469272
7292;7469273
7293;7469261
7294;7469262
7300;7469045
7301;7469043
7302;7469291
7303;7469290
7304;7469044
7305;7401383
7306;7469999
7307;7469998
7310;7469114
7311;7469115
7312;7469116
7313;7469117
7314;7469135
7315;7469292
7316;7469293
7317;7469294
7320;7469136
7321;7469137
7322;7469138
7323;7469139
7324;7469140
7325;7469141
7326;7469295
7327;7469296
7328;7469306
7330;7469122
7331;7469123
7332;7469124
7333;7469125
7334;7469126
7335;7469118
7336;7469119
7337;7469120
7338;7469121
7340;7469133
7341;7469134
7342;7469143
7343;7469127
7344;7469128
7345;7469129
7346;7469130
7347;7469131
7348;7469132
7351;7468920
7352;7468919
7353;7469183
7354;7468929
7355;7420835
7356;7445532
7357;7468921
7360;7468912
7361;7468913
7364;7445528
7365;7421731
7366;7469085
7367;7469084
7368;7468911
7369;7468910
7370;7469271
7371;7468923
7372;7468924
7373;7468925
7374;7468926
7375;7445531
7376;7468922
7377;7469190
7380;7445530
7381;7468927
7382;7468928
7383;7469228
7384;7469193
7385;7445529
7386;7469194
7387;7469828
7390;7468948
7391;7468949
7392;7469196
7393;7469197
7394;7469198
7395;7469280
7400;7401053
7401;7469110
7402;7469111
7403;7469109
7404;7469108
7405;7469104
7406;7469113
7407;7469107
7408;7469199
7409;7436011
7410;7445214
7411;7469200
7412;7445062
7415;7469112
7416;7469208
7417;7469209
7418;7469210
7419;7469211
7450;7469846
7451;7469847
7452;7469848
7453;7469849
7454;7469850
7455;7469285
7456;7469851
7457;7470074
7460;7470097
7461;7469844
7462;7469843
7463;7469882
7464;7469845
7465;7470052
7466;7469284
7467;7469910
7470;7470050
7473;7469841
7474;7469842
7475;7470094
7476;7470095
7477;7470096
7478;7470051
7500;7469829
7502;7469911
7503;7469912
7504;7469913
7505;7469914
7506;7469915
7507;7410921
7510;7408757
7511;7422928
7512;7421394
7513;7469879
7514;7469965
7515;7423418
7516;7469833
7517;7422928
7518;7414878
7519;7414879
7520;7470102
7521;7470105
7522;7470104
7523;7470103
7524;7469874
7526;7469876
7527;7469877
7528;7469878
7529;7469930
7530;7469920
7531;7469919
7532;7470099
7533;7469872
7534;7469873
7535;7469918
7536;7469917
7537;7469916
7538;7469931
7539;7470073
7540;7469902
7541;7469909
7542;7469908
7543;7469985
7544;7469986
7546;7470076
7547;7469898
7548;7470078
7549;7470107
7550;7469904
7551;7469894
7552;7469895
7553;7469895
7554;7469897
7555;7469899
7557;7469893
7558;7470121
7560;7469907
7561;7469906
7562;7469905
7563;7469883
7564;7469884
7565;7469885
7566;7469886
7567;7470014
7568;7422929
7570;7469888
7571;7469820
7574;7469891
7575;7469979
7576;7470082
7577;7470091
7580;7469892
7582;7438158
7583;7401186
7584;7410874
7585;7469980
7587;7469900
7588;7469901
7590;7470015
7591;7470016
7592;7470017
7593;7470018
7594;7470019
7595;7470020
7596;7470021
7597;7470022
7598;7470023
7600;7469830
7601;7411585
7602;7469860
7603;7469861
7604;7470109
7605;7469854
7606;7469855
7607;7469927
7611;7469835
7612;7469836
7613;7469837
7614;7469838
7615;7469852
7616;7470109
7617;7470139
7618;7469827
7619;7470584
7620;7469856
7621;7469856
7622;7469836
7623;7469852
7624;7469853
7625;7469859
7628;7469838
7630;7469862
7631;7469863
7632;7469864
7633;7430374
7634;7469865
7635;7469866
7636;7470120
7637;7469983
7638;7469941
7639;7470041
7640;7469867
7641;7469868
7642;7469869
7643;7469871
7644;7469871
7645;7469928
7646;7469926
7650;7469942
7651;7469943
7652;7470075
7653;7427338
7654;7427339
7655;7469996
7656;7469997
7660;7469966
7661;7469967
7662;7469968
7663;7469969
7664;7469970
7665;7420235
7666;7469971
7667;7445941
7668;7401096
7670;7469972
7671;7420160
7672;7470081
7673;7469925
7674;7445681
7675;7469978
7676;7470083
7677;7470585
7680;7469976
7681;7469975
7689;7470085
7690;7470088
7691;7470087
7692;7470133
7693;7470583
7694;7470086
7695;7470085
7696;7470098
7697;7470084
7698;7424295
7699;7470106
7700;7470101
7701;7470056
7702;7470057
7703;7469822
7704;7470059
7705;7424780
7706;7445645
7707;7470127
7708;7470098
7710;7401110
7711;7470060
7712;7470064
7713;7470065
7714;7445644
7715;7470061
7716;7470062
7717;7470063
7720;7469823
7721;7470066
7722;7470067
7723;7470068
7724;7470069
7725;7470070
7726;7470071
7727;7470072
7728;7470122
7730;7469933
7731;7469932
7732;7469936
7733;7469937
7734;7469938
7735;7469939
7736;7469940
7737;7469286
7738;7470746
7739;7470758
7740;7470752
7741;7445938
7742;7470758
7743;7469992
7744;7469964
7745;7469991
7746;7469991
7747;7469990
7748;7469990
7749;7445938
7750;7469989
7751;7469989
7752;7469987
7753;7469935
7754;7469935
7755;7470058
7756;7469934
7757;7469973
7758;7469974
7759;7469929
7760;7469956
7761;7469957
7762;7431092
7763;7469958
7764;7469959
7765;7469960
7766;7469961
7767;7469961
7768;7469963
7770;7469287
7771;7469948
7772;7469949
7773;7469950
7774;7469951
7775;7469952
7776;7469953
7777;7469955
7778;7469954
7780;7470080
7781;7470079
7782;7470761
7783;7470747
7784;7469944
7785;7469945
7786;7469946
7787;7469947
7800;7438220
7801;7470000
7802;7470001
7804;7470089
7805;7470090
7810;7470042
7811;7470046
7812;7470043
7813;7470092
7814;7470044
7815;7470048
7816;7470045
7820;7470093
7821;7470024
7822;7470049
7823;7470047
7824;7445937
7825;7445939
7826;7445940
7840;7438148
7841;7445643
7842;7421597
7843;7470002
7844;7470003
7845;7470054
7846;7470055
7847;7470004
7848;7470005
7850;7470007
7851;7470008
7852;7470009
7853;7470010
7854;7470011
7855;7410689
7856;7470013
7857;7470012
7858;7470135
7860;7470006
7861;7420566
7862;7445646
7863;7470025
7864;7470026
7865;7434952
7866;7470027
7867;7470028
7868;7470029
7870;7470030
7871;7445642
7872;7470031
7873;7470032
7874;7470033
7875;7470034
7876;7470035
7880;7470036
7881;7470037
7882;7470038
7883;7470039
7884;7470040
7885;7401184
7886;7470140
7925;7469281
7929;7445283
7930;7469218
7931;7469282
8000;7400778
8001;7469379
8002;7469380
8003;7469353
8005;7469381
8006;7469382
8007;7469383
8010;7469349
8011;7469348
8012;7469347
8013;7469346
8014;7469345
8015;7469344
8016;7469759
8017;7469760
8018;7469761
8019;7469762
8020;7469342
8021;7469338
8022;7445870
8023;7469339
8024;7469341
8025;7469343
8026;7469340
8027;7469436
8030;7469336
8031;7469335
8032;7469334
8033;7469337
8034;7469377
8036;7469376
8037;7469435
8038;7469378
8039;7469763
8040;7469753
8041;7469751
8045;7466195
8046;7469754
8047;7469752
8048;7469755
8049;7469371
8050;7424300
8051;7445872
8052;7418272
8053;7469352
8054;7469351
8055;7424299
8056;7469384
8057;7469385
8059;7445873
8060;7469395
8061;7469394
8062;7469393
8063;7469392
8064;7469391
8065;7469390
8066;7469389
8067;7469389
8068;7469387
8069;7420093
8070;7469400
8071;7469399
8072;7469398
8073;7418271
8074;7469403
8075;7469397
8076;7469396
8077;7469756
8078;7469757
8079;7469758
8080;7469407
8081;7469406
8082;7469405
8083;7469404
8084;7401357
8085;7445871
8086;7469402
8087;7469401
8090;7469434
8091;7445875
8092;7469433
8093;7469432
8094;7469430
8095;7469431
8096;7469429
8097;7445874
8098;7469428
8100;7401351
8101;7469417
8102;7469418
8104;7469415
8105;7469414
8106;7469441
8107;7469438
8108;7469437
8110;7469416
8111;7469427
8112;7469426
8113;7469425
8114;7469424
8115;7469423
8116;7469422
8117;7469421
8118;7469420
8150;7469448
8151;7469447
8152;7469446
8154;7445561
8155;7469161
8156;7469160
8157;7469159
8158;7469232
8160;7469454
8163;7469452
8164;7469451
8165;7469235
8166;7469236
8176;7469450
8177;7469449
8179;7469445
8180;7469158
8181;7469157
8182;7445563
8184;7469156
8189;7469239
8191;7469522
8192;7469523
8193;7469524
8194;7469525
8195;7469539
8196;7469540
8197;7469541
8198;7469578
8199;7469579
8200;7401171
8202;7469366
8203;7469365
8204;7469364
8205;7469363
8206;7469362
8207;7469467
8208;7469575
8210;7469559
8211;7469558
8212;7469439
8213;7469359
8214;7469557
8215;7469561
8217;7469360
8218;7469440
8219;7445876
8220;7401371
8221;7469354
8222;7469355
8223;7469442
8224;7469443
8225;7469356
8226;7412592
8227;7469357
8228;7469358
8230;7469476
8231;7469475
8232;7469474
8233;7469473
8234;7469472
8235;7469361
8236;7469478
8237;7469477
8238;7469785
8239;7469564
8240;7469468
8241;7469787
8242;7469543
8243;7469542
8244;7469532
8245;7469469
8246;7469466
8247;7445879
8248;7445878
8251;7469585
8252;7469574
8254;7469465
8255;7469462
8256;7469463
8257;7469464
8258;7469530
8261;7469470
8262;7469471
8263;7469794
8265;7469528
8266;7469527
8267;7469526
8268;7469780
8269;7469779
8270;7469784
8272;7469531
8273;7469576
8274;7469538
8275;7469537
8276;7469529
8277;7469560
8281;7469577
8282;7469533
8283;7469536
8284;7445894
8285;7469535
8286;7469534
8288;7469797
8289;7469786
8290;7469572
8291;7469571
8292;7469570
8293;7469569
8297;7469567
8298;7469796
8299;7469795
8301;7469610
8302;7469607
8303;7469554
8304;7469553
8305;7469608
8310;7469800
8311;7469799
8312;7469609
8313;7445890
8314;7445892
8315;7401508
8316;7469490
8317;7469489
8318;7445884
8319;7469488
8320;7401394
8321;7469487
8322;7469486
8323;7469485
8324;7445885
8325;7420611
8326;7435204
8327;7435205
8328;7435203
8330;7445891
8331;7469611
8332;7469615
8333;7469616
8334;7469617
8335;7469618
8336;7469619
8341;7469612
8342;7469613
8343;7469614
8344;7469620
8345;7469621
8346;7469622
8347;7469623
8348;7469624
8350;7469545
8352;7445883
8353;7469546
8354;7469793
8355;7469547
8356;7469544
8357;7469548
8358;7469549
8359;7469798
8360;7469550
8361;7469563
8362;7469551
8363;7469552
8364;7469551
8365;7469555
8366;7469556
8367;7469562
8368;7469805
8369;7469806
8370;7469643
8371;7469642
8372;7469670
8373;7469641
8374;7469640
8375;7469657
8376;7469639
8377;7469638
8378;7469637
8400;7401036
8401;7469509
8402;7469507
8403;7469506
8404;7469505
8405;7469504
8406;7469510
8407;7469511
8410;7420173
8411;7469518
8412;7469519
8413;7469517
8414;7469516
8415;7469515
8416;7469514
8417;7469513
8418;7469512
8420;7469496
8421;7469497
8422;7469498
8423;7469499
8424;7469500
8425;7469508
8426;7469501
8427;7469502
8428;7469503
8430;7469484
8431;7469491
8432;7469492
8433;7469493
8434;7469494
8435;7469495
8436;7469590
8437;7469591
8438;7469592
8440;7401125
8441;7469605
8442;7469606
8443;7469603
8444;7469601
8445;7445877
8446;7469602
8447;7469604
8450;7469600
8451;7469599
8452;7469598
8453;7469597
8454;7469596
8455;7469595
8456;7469594
8457;7469593
8460;7469479
8461;7469480
8462;7469481
8463;7469482
8464;7469483
8465;7469589
8466;7469588
8467;7469587
8468;7469586
8501;7469330
8502;7469329
8503;7469749
8504;7469743
8506;7469327
8507;7469328
8510;7469777
8511;7469735
8512;7469736
8513;7469737
8514;7469738
8515;7469739
8516;7469740
8517;7469741
8518;7469742
8520;7469772
8521;7469770
8522;7469733
8523;7469734
8524;7469769
8525;7469750
8526;7469768
8527;7430035
8528;7469767
8531;7469745
8532;7469326
8536;7469331
8540;7469771
8541;7469764
8542;7469765
8543;7469331
8545;7469324
8546;7469747
8547;7469746
8548;7469748
8550;7434382
8551;7469667
8552;7469289
8553;7469810
8554;7469323
8555;7469322
8556;7469807
8560;7469719
8561;7469718
8562;7469717
8563;7469716
8564;7469715
8565;7469714
8566;7469713
8567;7469712
8568;7469731
8570;7469723
8571;7469728
8572;7445855
8573;7469732
8574;7469722
8575;7469730
8576;7469721
8577;7469720
8580;7401349
8581;7469729
8582;7469727
8583;7469726
8584;7469725
8585;7445854
8586;7445856
8587;7469724
8600;7401248
8601;7445888
8602;7469695
8603;7469694
8604;7469693
8605;7469672
8606;7469692
8607;7469691
8608;7469690
8610;7445887
8611;7469803
8612;7469687
8613;7469686
8614;7469685
8615;7469688
8616;7469804
8617;7469689
8620;7445889
8621;7469671
8622;7469680
8623;7469681
8624;7469682
8625;7469683
8626;7469684
8630;7469673
8631;7469674
8632;7469696
8633;7469675
8634;7469676
8635;7469677
8636;7469678
8637;7469679
8640;7438356
8642;7469321
8643;7469320
8644;7469319
8648;7469316
8649;7400790
8650;7411972
8652;7469776
8653;7469775
8654;7469774
8655;7445863
8656;7469773
8657;7469314
8658;7469313
8663;7469634
8664;7469633
8665;7469632
8666;7469631
8670;7469630
8671;7469629
8672;7445853
8673;7469628
8674;7469627
8675;7469626
8676;7469625
8700;7400761
8701;7469307
8702;7469308
8703;7469658
8704;7469309
8705;7469310
8706;7469311
8707;7469312
8710;7445859
8711;7445858
8712;7469305
8713;7411464
8714;7411464
8720;7469332
8721;7469655
8722;7445857
8723;7469700
8724;7469699
8725;7469698
8726;7469697
8730;7401175
8731;7469654
8732;7469653
8733;7469652
8734;7469651
8735;7469650
8736;7469656
8737;7469814
8738;7469649
8740;7469142
8741;7469648
8742;7469668
8743;7469647
8744;7469646
8745;7469645
8746;7469813
8747;7469644
8748;7469808
8750;7469297
8751;7469298
8752;7469299
8753;7469300
8754;7469301
8755;7469302
8756;7469303
8757;7469304
8760;7469659
8761;7469660
8762;7469661
8763;7469662
8764;7469702
8765;7469703
8766;7469704
8767;7469705
8770;7401182
8771;7469711
8772;7469710
8773;7469709
8774;7469708
8775;7469707
8776;7469701
8777;7469706
8780;7445861
8781;7401320
8782;7445860
8783;7469663
8784;7469664
8785;7469665
8786;7469811
8787;7469666
8788;7469669
9001;7435997
9100;7421680
9101;7421681
9102;7444654
9103;7421683
9104;7421684
9105;7421685
9106;7421686
9107;7421687
9108;7421688
9109;7420581
9110;7421689
9111;7421690
9112;7420755
9113;7421663
9114;7421664
9115;7446123
9116;7421665
9117;7421013
9118;7446130
9120;7401181
9121;7424820
9122;7424819
9123;7424818
9124;7401167
9125;7424817
9126;7424816
9127;7424815
9128;7424814
9140;7465545
9141;7421692
9142;7421693
9143;7421694
9144;7421695
9160;7445476
9161;7421713
9162;7421712
9163;7421711
9164;7421710
9165;7445502
9166;7421708
9167;7421707
9168;7421706
9180;7400692
9181;7421697
9182;7421698
9183;7445474
9184;7421700
9185;7421701
9186;7445498
9187;7421703
9188;7421704
9189;7421705
9190;7421655
9191;7446190
9192;7420101
9200;7445596
9201;7410232
9203;7424787
9205;7445963
9206;7445464
9219;7423965
9220;7420757
9221;7446012
9222;7421650
9239;7423966
9240;7420756
9241;7424794
9242;7424793
9243;7423964
9244;7445522
9245;7424791
9247;7466162
9248;7445917
9249;7424790
9250;7424789
9251;7423963
9252;7466156
9260;7421719
9261;7421718
9262;7421717
9263;7421716
9264;7421715
9280;7421733
9283;7421730
9284;7421729
9285;7421728
9287;7421726
9288;7421725
9289;7421724
9290;7421723
9291;7421722
9292;7421721
9293;7445467
9294;7404046
9295;7421658
9296;7421657
9297;7421656
9300;7421677
9302;7412883
9303;7421675
9304;7421668
9305;7421642
9306;7421669
9307;7446098
9309;7446080
9320;7445478
9323;7421674
9324;7421673
9325;7421672
9326;7421671
9340;7420691
9420;7400751
9421;7424811
9422;7420877
9423;7445913
9424;7400693
9425;7424810
9426;7420875
9427;7424809
9428;7424808
9429;7420874
9430;7400717
9431;7424807
9432;7446137
9440;7401150
9441;7424812
9442;7420879
9443;7420878
9500;7400027
9501;7445865
9502;7411413
9503;7445639
9504;7400718
9505;7400703
9506;7400758
9507;7400701
9508;7400781
9509;7400759
9510;7400712
9520;7400721
9521;7400049
9522;7400791
9523;7400748
9524;7400776
9525;7445541
9527;7445550
9528;7400772
9529;7400789
9531;7424920
9540;7400694
9541;7400715
9542;7400709
9543;7400055
9560;7400149
9600;7411606
9620;7400713
9621;7424803
9622;7424802
9623;7401154
9624;7424801
9625;7420112
9626;7445694
9627;7424800
9628;7420873
9629;7401153
9630;7467607
9631;7424799
9632;7467503
9633;7400740
9634;7424372
9635;7420870
9636;7424795
9637;7401038
9638;7420867
9660;7401303
9661;7424804
9662;7400788
9663;7423174
9664;7424805
9665;7420871
9666;7420192
9667;7420110
9668;7424798
9669;7467559
9680;7401052
9682;7424371
9683;7420868
9684;7424797
9685;7424796
9700;7400284
9701;7400710
9702;7445348
9703;7400383
9704;7400764
9710;7400660
9711;7400687
9720;7400727
9721;7446004
9722;7430036
9724;7430043
9725;7430017
9726;7400777
9727;7430026
9728;7400787
9729;7400706
9730;7445881
9731;7445560
9732;7445562
9807;7424921
9811;7446110
9812;7424925
9820;7438313
9821;7424927
9938;7466578
9956;7434768
9957;7466968
10699;7415539
66013;7449277
66159;7436009
